{
  "ct_clip_min": -1000.0,
  "ct_clip_max": 1000.0,
  "ct_global_mean": -626.0637587771471,
  "ct_global_std": 551.8138006223411,
  "mr_p01_mean": 0.49093709775474337,
  "mr_p99_mean": 989.7671764051648,
  "mr_p01_std": 0.9909379985603748,
  "mr_p99_std": 577.0584578327832,
  "n_patients": 180
}
